<?xml version="1.0" encoding="UTF-8"?>
<project-private xmlns="http://www.netbeans.org/ns/project-private/1">
    <editor-bookmarks xmlns="http://www.netbeans.org/ns/editor-bookmarks/2" lastBookmarkId="0"/>
    <open-files xmlns="http://www.netbeans.org/ns/projectui-open-files/2">
        <group>
            <file>file:/home/majo/Downloads/RESPALDO/ANALIZADOR/sintac/AnalizadorSintactico/AnalizadorLexico/src/analisisSyS/FrmPrincipal.java</file>
            <file>file:/home/majo/Downloads/RESPALDO/ANALIZADOR/sintac/AnalizadorSintactico/AnalizadorLexico/src/analisisSyS/Principal.java</file>
            <file>file:/home/majo/Downloads/RESPALDO/ANALIZADOR/sintac/AnalizadorSintactico/AnalizadorLexico/src/analisisSyS/LexerCup.flex</file>
            <file>file:/home/majo/Downloads/RESPALDO/ANALIZADOR/sintac/AnalizadorSintactico/AnalizadorLexico/src/analisisSyS/sym.java</file>
            <file>file:/home/majo/Downloads/RESPALDO/ANALIZADOR/sintac/AnalizadorSintactico/AnalizadorLexico/src/analisisSyS/Sintax.cup</file>
            <file>file:/home/majo/Downloads/RESPALDO/ANALIZADOR/sintac/AnalizadorSintactico/AnalizadorLexico/src/analisisSyS/Lexer.flex</file>
            <file>file:/home/majo/Downloads/RESPALDO/ANALIZADOR/sintac/AnalizadorSintactico/AnalizadorLexico/src/analisisSyS/Tokens.java</file>
        </group>
    </open-files>
</project-private>
